Step,0,1,2,3,4,5,6,7,,,,,,
0,1366.177673,1097.50351,1067.651672,1080.40033,1067.212921,1062.544464,1075.005005,1133.860046,,,,,,
1,1420.888489,732.7845764,638.5586548,563.6998596,552.2492218,554.4541931,560.0053406,750.322052,,,,,,
2,1798.544617,962.1867676,731.6331482,620.4476929,547.5465393,518.9259796,506.5094299,835.6779785,,,,,,
3,2143.07074,1313.328979,1067.308899,831.9304504,647.0802612,578.0596924,595.142395,1105.883026,,,,,,
4,2540.535889,1725.94281,1313.646851,1117.150818,827.2025452,725.4321594,762.5823059,1394.577515,,,,,,
5,2891.667358,2146.344788,1816.63031,1497.993591,1300.512085,1033.745148,1092.608429,1829.304565,,,,,,
6,3004.390625,2575.60022,2201.805481,1901.339111,1547.25647,1310.904968,1303.244446,2204.788208,,,,,,
7,3424.261108,2987.873169,2891.278564,2713.617188,2291.200989,1990.229431,1881.096008,2752.298218,,,,,,
8,3622.673462,3669.455688,3684.487549,3539.399658,3061.979004,2710.596802,2601.298218,3264.292969,,,,,,
9,4312.638672,4727.575317,4689.012695,4627.393311,4242.910522,3533.948486,3291.787476,4411.414673,,,,,,
10,5384.228638,5614.776855,5968.56958,5871.031738,5444.096924,4666.81958,4383.769287,5471.341064,,,,,,
11,6672.353271,8159.3125,8037.44043,8335.218262,7968.607666,6967.855713,6866.66626,8060.19458,,,,,,
12,7485.79248,10615.99902,10788.31226,11204.79248,10715.39404,9487.905273,9799.058838,11305.74951,,,,,,
13,9762.946777,11788.18506,13129.26709,12980.35693,12652.84277,11919.20166,11753.6333,13020.49219,,,,,,
14,10310.1084,14102.28711,14241.83398,16087.37695,15813.64404,13579.05762,14338.45752,15664.66406,,,,,,
15,12808.46631,17496.56104,18267.61865,18712.41016,19200.40234,18924.95508,19005.97949,20807.46973,,,,,,
16,13794.89697,20038.91162,20782.61035,22226.22168,22076.91113,20896.99316,21990.69727,23772.65137,,,,,,
17,13538.46924,21600.47949,22124.56348,24867.56738,26407.55176,25664.50391,26092.29785,28931.84863,,,,,,
18,12415.0708,23672.11914,23259.18945,26442.63379,28089.28418,27761.83105,27242.81152,32036.97168,,,,,,
19,16589.94141,23531.65039,25031.41992,27631.82813,29042.80664,27645.44727,25224.875,28501.95801,,,,,,
20,13333.1377,23199.62012,25233.19141,30336.55566,33540.33887,31984.41406,31702.96777,34785.0625,,,,,,
21,15183.61816,25641.92773,27879.00586,29385.73438,34268.44141,33277.67188,31282.94727,32640.16211,,,,,,
22,12516.05713,24231.94336,29309.85059,31567.96094,35562.24219,36696.17871,31268.62109,35740.86523,,,,,,
23,14394.96973,28014.80762,28918.12402,32941.96777,33791.06836,34427.45508,31504.65625,32125.04004,,,,,,
24,13109.51318,27086.38672,32442.14551,32913.99805,37146.125,36625.21875,35046.53906,40044.66406,,,,,,
25,13150.03223,25459.64844,29686.41992,29862.92969,34814.50195,33637.6709,31075.17383,32720.44043,,,,,,
26,13527.98145,26181.49707,30530.31836,34966.88867,35574.875,37883.04492,34860.45508,36454.24902,,,,,,
27,13600.18408,27220.16992,31125.46289,33528.56152,39863.66406,37704.65039,32918.33398,36717.48047,,,,,,
28,13167.89746,30846.11719,34116.01563,35838.03711,40832.89453,45241.32617,39541.125,41670.33789,,,,,,
29,11933.04053,27934.09277,32139.25879,34418.00684,38757.29883,40669.81836,35699.89453,37829.23828,,,,,,
30,12191.02344,25833.51953,31276.16992,34374.96875,40015.69336,40142.0625,36885.17188,40194.4043,,,,,,
31,10379.13184,26819.37012,33435.39746,38128.25586,44280.07227,42358.69727,41600.99805,43215.81445,,,,,,
32,11964.35254,29187.33887,33047.99609,39721.04688,45494.16211,45287.63281,43517.37305,43989.19727,,,,,,
33,11665.20605,29152.01758,34559.34766,34989.03125,40567.78125,44231.74023,39572.4375,43107.49023,,,,,,
34,11008.86865,24792.87109,38150.74219,37033.0957,45320.20508,43478.1582,41096.39063,44529.58789,,,,,,
35,10666.44824,27123.49121,36468.52344,37997.66992,44548.83398,45659.47266,42146.1875,48794.28516,,,,,,
36,10744.10352,28354.86426,33456.33789,36956.16211,42165.92578,41208.66016,39627.60352,44339.29297,,,,,,
37,11383.35254,28430.23438,37808.14063,39372.39453,43250.78125,47116.15234,43208.36914,42514.21875,,,,,,
38,9414.560059,26786.91797,37219.19531,38487.0957,46473.14258,46706.2207,43256.01367,46867.87695,,,,,,
39,12656.68848,28755.48438,38326.22656,40474.09961,44837.70898,48125.28516,45409.70313,49200.22461,,,,,,
40,9893.666504,26015.52637,35920.4043,38986.94531,46432.60352,45407.91797,43985.03906,44827.69727,,,,,,
41,10331.23291,27943.2666,35631.55762,38888.61914,42608.58789,44723.76367,44363.73242,43360.95898,,,,,,
42,9564.570313,25783.77441,34455.01367,39059.13477,43368.25391,48189.57813,44861.875,43375.51172,,,,,,
43,10450.65869,27124.79395,35307.90625,36700.96094,41340.37891,41964.64258,39227.54297,40705.53711,,,,,,
44,9664.967285,24805.24512,34912.55859,40164.42578,44541.5625,45527.39844,43474.97852,46914.39258,,,,,,
45,7694.369141,26551.40625,38804.42188,41786.47266,47536.67969,47690.05469,48125.5957,46454.4082,,,,,,
46,8408.284912,27343.33398,39499.05469,39492.71484,44001.03711,48564.58789,47921.14258,45913.80859,,,,,,
47,5639.378784,26136.01367,37984.81445,40706.01758,43885.55078,47801.36523,51491.89063,45113.56445,,,,,,
48,7781.362305,27893.01758,38322.05859,41117.24023,47787.45508,50853.90039,48592.12695,47004.76563,,,,,,
49,7225.213379,24507.28223,38170.18359,40208.72461,45911.37305,51346.09375,48813.7207,51525.13477,,,,,,
50,7151.381836,27510.07129,38386.76367,42132.92969,47304.52734,52375.33984,52227.30273,49398.23242,,,,,,
51,6614.943604,23234.84473,37323.97656,39690.43555,47792.76367,48142.89063,48313.89453,51298.07227,,,,,,
52,7832.59375,26165.06543,38961.70313,40173.91016,46416.94531,48379.57031,49504.1582,49435.31836,,,,,,
53,7052.835205,23757.16797,35766.41406,40716.30859,48092.00195,52271.19531,52641.66602,52129.08594,,,,,,
54,7622.653564,23140.80469,38203.47852,39969.90625,43739.60352,49035.19922,45645.5625,47702.05859,,,,,,
55,9219.05957,26463.02051,35712.88281,38327.4707,43887.68945,46873.64844,46635.19727,45054.17188,,,,,,
56,5511.671631,25333.47266,38353.88281,44701.32227,47892.95117,52495.65234,54169.58398,49681.12305,,,,,,
57,7202.959229,23397.02246,36395.39063,42723.96484,46358.97852,51829.18945,51108.59766,51405.16602,,,,,,
58,6873.732666,23057.79785,36884.21289,37483.56055,44444.23047,46709.91797,49810.56055,45979.52344,,,,,,
59,8562.091553,24326.53418,33806.75781,42424.26563,43726.98047,51443.05859,48771.54883,46805.10938,,,,,,
60,5477.890625,24674.58984,37713.74414,42046.07227,47306.49219,53412.10352,51259.83398,51173.48828,,,,,,
61,5582.975098,23690.22266,37808.24023,43790.41406,48238.18555,56049.77344,54159.49609,53180.73438,,,,,,
62,5363.01416,22369.81641,36063.62305,42152.70703,47393.08789,52475.21875,51949.31641,48706.72852,,,,,,
63,6204.112793,22115.6123,37057.49805,42683.41211,45784.66016,48981.58984,47065.64844,47059.57227,,,,,,
64,6929.757324,22782.55957,37862.88867,41550.50586,46077.48047,50492.74219,47602.23633,47616.26953,,,,,,
65,5986.862549,21634.72559,36030.5,40750.63086,45901.31641,51971.01367,49839.39844,49344.75,,,,,,
66,6882.933105,20870.90039,36587.9082,42353.47266,47963.76172,50942.03906,51922.47656,47694.58203,,,,,,
67,6175.020996,23452.60645,35232.10938,42371.24609,46680.9375,50850.83398,48242.37891,48922.27148,,,,,,
68,6144.93335,21696.06152,36857.85742,39994.01953,43708.30664,50479.5332,48338.53125,46546.29688,,,,,,
69,5736.262451,20066.8291,34422.93555,43596.19336,46990.6582,52858.21094,50174.54297,49187.80859,,,,,,
70,5008.769531,23169.38281,35123.57031,42191.97656,49649.86523,52342.33594,52816.90625,52576.27344,,,,,,
71,7757.029297,22410.12891,36566.01367,42330.88086,45030.74219,50530.57422,50383.00977,48908.61133,,,,,,
72,4845.675781,21922.6875,36885.91211,41555.20898,48731.69336,51870.22266,50275.54688,48081.41797,,,,,,
73,6875.641357,23346.12793,35519.54004,41511.04492,46581.99609,52620.30469,52200.92383,48791.86719,,,,,,
74,6596.640137,20783.13379,38197.96875,44881.5918,50051.62891,57873.43945,55881.57422,51861.39844,,,,,,
75,5282.19165,19799.88184,35811.24219,41511.35156,46870.40039,55023.17773,52936.99805,51839.72656,,,,,,
76,4238.044189,19613.31152,35920.44336,41629.25195,46623.36328,53127.53125,53030.27539,50439.51367,,,,,,
77,5359.290527,21377.61523,34405.32227,43221.44336,43924.17969,50780.28516,49282.92188,45662.6875,,,,,,
78,3899.158813,22029.30469,34428.24609,41930.58398,47275.17969,53506.625,54010.44336,49813.73242,,,,,,
79,4767.995605,21748.19531,32912.03809,41724.87891,46927.97656,53362.0957,54367.1582,53455.34375,,,,,,
80,4753.356201,20819.43848,35117.06445,43207.24414,47560.87109,51588.19727,56049.39453,50332.87305,,,,,,
81,4247.946045,21674.22754,37298.51172,42063.11523,47398.69922,52977.71094,53847.17383,47345.83789,,,,,,
82,5838.037598,18798.03809,34958.94922,43316.31445,45098.53906,52626.73633,51687.98633,50147.26367,,,,,,
83,3656.079956,19189.58252,34162.97656,45808.17578,51003.19727,54202.69727,56516.90625,51326.02344,,,,,,
84,3614.137329,19887.90332,35003.25293,45623.19922,51808.17188,58299.95313,59375.84375,51713.21289,,,,,,
85,4480.004639,20848.7832,35011.83008,44031.80078,47164.65625,54840.46484,58731.41992,50183.49609,,,,,,
86,4932.697754,18686.90137,36786.94922,44610.18164,49872.83789,56922.62109,57626.89258,51875.1875,,,,,,
87,4693.1604,18292.16895,33430.00195,40003.51367,48951.26563,53762.63672,54466.23633,52014.98242,,,,,,
88,5793.923706,16833.70752,33395.50781,42662.69141,47221.33594,54119.64844,55916.66602,54459.74609,,,,,,
89,4974.258301,21546.75488,35419.04102,41845.9082,48463.80078,51978.3125,54357.52539,47647.5957,,,,,,
90,4465.902588,19188.54102,36541.10156,44775.04492,48829.62891,54498.86133,53786.42188,51948.80859,,,,,,
91,3929.295776,17661.17773,32979.36035,43413.3457,49953.03516,56664.24609,57901.02344,55509.50586,,,,,,
92,4831.438721,18426.55469,35128.45313,42736.28516,48382.69336,53967.43555,59590.73633,55698.58203,,,,,,
93,2957.316528,15865.75195,30735.14844,45874.02344,50452.94336,58070.84375,60642.58789,54826.96875,,,,,,
94,2798.409058,17944.37988,36060.98242,46891.82813,50299.40039,56060.8418,58670.82031,52947.85938,,,,,,
95,5020.282471,17977.19141,33821.43359,43209.8418,47870.56836,53778.30078,56851.59961,53499.39258,,,,,,
96,3858.594727,18757.19141,33916.54688,43597.74414,48182.375,54752.37891,57714.85938,52400.07031,,,,,,
97,4112.324951,17848.5625,35701.98047,45645.89063,51862.76563,58900.06445,61114.68555,57483.37305,,,,,,
98,2767.11145,17573.09277,36644.45313,45526.63477,52498.97266,56472.73242,59228.05469,53433.30664,,,,,,
99,4328.453125,16697.38477,35674.90625,44555.14063,50149.35156,56227.54297,59782.09375,53411.0957,,,,,,
100,3689.868042,19566.99414,34658.6582,43907.0957,50261.06055,56090.49219,56969.41797,55120.14258,,,,,,
101,3043.314697,14295.34375,31534.85254,44543.99414,51426.59766,57990.15234,58744.51953,53549.86719,,,,,,
102,4140.729492,15499.89307,32772.62207,42022.82813,52149.91797,57403.47266,62319.23828,54327.41602,,,,,,
103,4163.018677,15579.2832,33124.41211,43070.03125,49440.6543,58202.33984,59974.16797,54357.22461,,,,,,
104,4568.651245,17287.77637,32066.21875,43504.63672,47411.88672,55834.07422,59243.5625,52284.47852,,,,,,
105,4575.776611,15454.03027,33760.09766,44898.50586,53190.72852,58381.48438,62773.67383,57456.54883,,,,,,
106,4460.956787,15351.75293,34189.72559,44619.02539,52101.39648,55746.94727,60218.13672,57219.4082,,,,,,
107,4182.619263,16851.98047,34641.11328,43697.69531,50158.63281,58573.25586,62254.46484,52961.16992,,,,,,
108,3398.440063,16371.83984,33574.99219,47085.49414,52230.05469,56840.88281,61343.93164,56236.71289,,,,,,
109,5195.962402,16705.32813,32697.57227,45628.70508,49542.13672,55537.98242,58926.80469,51651.65625,,,,,,
110,3259.743896,15411.75146,31161.57715,46505.27344,53935.08984,58407.16602,63716.10742,56962.58594,,,,,,
111,4470.081543,11744.20215,30413.37305,42019.44141,54205.65039,57738.45313,63348.45117,56030.94727,,,,,,
112,3118.450806,14899.27588,30151.75684,43766.74414,52100.13867,57252.51172,59961.47656,56879.94922,,,,,,
113,3212.289185,15862.58984,31226.87988,47941.95898,54417.84766,62091.95508,63118.36523,57457.70898,,,,,,
114,3294.174438,13769.44141,31639.21582,43881.65625,49910.4082,58565.84961,60608.02344,56092.11328,,,,,,
115,2337.984436,12771.08643,31441.60938,43466.8125,50240.10156,56882.19922,60296.4668,56956.4707,,,,,,
116,3438.813965,14544.71875,32113.30566,46357.33984,51594.71094,60165.79883,63047.18359,56702.90625,,,,,,
117,2778.677246,14602.04102,31075.12695,43746.97266,50249.99805,58942.63086,61452.98438,60041.91016,,,,,,
118,2991.021118,12652.53271,26896.71484,45092.36523,55383.79883,61929.12891,66083.12305,60114.17969,,,,,,
119,3161.303223,15977.771,31087.4082,45983.25195,50250.85156,60070.8125,60972.01758,53633.91211,,,,,,
120,2698.80249,12202.64453,34186.81738,43576.44336,49288.64844,58253.78906,60063.18945,59364.74219,,,,,,
121,2931.152832,9920.762695,30390.5127,45834.29492,51758.4707,60555.31836,65634.1582,62333.17188,,,,,,
122,2422.098022,13287.35303,29717.21777,43062.64063,51737.89258,56418.09961,60893.37695,55906.33789,,,,,,
123,2853.209351,13732.55566,31716.6543,43942.37109,52990.48242,57966.77344,62032.59766,61897.63477,,,,,,
124,2245.442383,13919.38379,28284.57422,41735.87109,51313.94336,58655.03906,62107.67578,57143.06445,,,,,,
125,2194.657166,12598.30176,28186.4541,42910.8418,50797.94531,59234.2793,61362.23438,59274.9082,,,,,,
126,2556.726257,13521.51367,29353.95605,41714.02344,51349.83008,57072.77344,62104.41016,57677.16016,,,,,,
127,2658.024963,13079.33008,27912.38672,44375.77148,50849.9082,57349.20703,60492.59375,58253.86719,,,,,,
128,2362.7854,12635.39355,27645.18457,45707.6543,54383.17188,60303.24219,64289.49414,62045.21289,,,,,,
129,1343.183777,11546.13477,31226.58594,46372.66406,54161.84375,61692.36523,67370.66797,60326.34961,,,,,,
130,2266.947449,13283.12549,29736.46387,41092.63477,52560.07227,58256.83203,62610.8457,60676.66016,,,,,,
131,1647.870667,14030.52686,27199.26172,44770.74414,50239.62109,57934.08789,62549.42188,57893.01758,,,,,,
132,1598.098267,12267.34473,25595.38867,42220.44531,54601.88281,59375.78906,65723.56641,62862.87109,,,,,,
133,2378.175476,12003.14551,26675.4375,41934.95117,54333.75781,60740.1543,63980.41992,61546.08984,,,,,,
134,2674.979126,11854.53174,27892.18457,43227.48047,54877.60547,58967.45313,63268.29297,60304.25195,,,,,,
135,2339.976807,10949.82373,25189.83203,41439.52734,53814.12695,61339.6875,68155.11328,62396.99219,,,,,,
136,2308.432495,10409.28955,29338.47852,42442.91602,53323.86133,59345.98633,62572.54102,61325.82813,,,,,,
137,3094.368713,10237.60498,28741.22461,41978.03711,54059.96289,57888.78711,64521.4668,65936.2207,,,,,,
138,2432.097351,9666.585938,28401.89941,40776.16992,53280.23242,58266.50391,64507.24805,64282.61133,,,,,,
139,1676.267273,9550.777344,25913.24316,43534.74023,53328.00781,59920.7832,67224.32813,65495.28906,,,,,,
140,1200.555206,12019.26025,28138.2002,42217.64844,53824.99805,61850.7793,66028.16992,61620.74414,,,,,,
141,1804.434692,11635.68799,27325.87109,39935.75977,52455.47852,58021.14453,62857.84375,62215.50391,,,,,,
142,1772.808411,11081.14844,23012.32813,37654.68555,51720.56641,63398.81836,68347.44922,69247.32813,,,,,,
143,1964.561951,10398.46484,24385.02051,38050.94531,51982.51758,63164.73828,68540.53516,68902.95313,,,,,,
144,1702.586121,8930.300293,26498.67676,39172.36914,54186.93555,62238.77148,67278.54102,63544.13281,,,,,,
145,1243.394287,7576.154053,26798.44141,38734.75781,52064.9668,61303.80273,63794.42188,61275.97266,,,,,,
146,1613.774719,10638.94434,24547.98242,41596.9082,51260.30664,60866.88281,64190.17188,61212.48633,,,,,,
147,1483.94397,8179.809082,24773.91895,37936.83008,49419.61523,61257.57227,65479.44141,66031.9043,,,,,,
148,1535.915009,11041.20947,24972.69238,37512.85352,51698.2168,60614.71484,65002.91211,64056.60156,,,,,,
149,1688.691711,10121.32129,24476.83887,38657.55273,52349.86133,57566.20117,63377.61328,63733.07813,,,,,,
150,2513.978394,8376.773193,25406.33984,38797.04102,49925.97461,61185.28516,67104.66016,67684.73828,,,,,,
151,1532.507324,10416.86523,23946.64063,40935.19141,49472.82422,56652.49609,65118.28125,59685.14453,,,,,,
152,1811.504761,12686.2168,24059.46875,41474.37891,49012.82031,62338.21094,66855.8125,65362.19922,,,,,,
153,915.0123291,9918.611328,26972.75,37284.49219,49739.29688,62073.05078,72475.03125,69495.53125,,,,,,
154,1100.445923,9815.780273,27721.46484,41455.41797,60177.04297,67417.98438,80298.41406,69982.10156,,,,,,
155,1794.893555,10012.09473,23143.49023,37113.02734,47060.60156,61610.70703,75209.32031,65321.10156,,,,,,
156,2560.770508,12334.68848,23515.89648,39734.84766,52335.41406,61504.04297,67007.11719,65969.16406,,,,,,
157,563.0209351,11876.5752,18949.9375,37386.49219,56525.28516,67606.42188,80291.35156,78902.91406,,,,,,
158,1223.263184,9871.133789,20538.19336,42839.60938,56317.47656,67506.625,78691.78906,72137.80469,,,,,,
159,1414.92688,8163.853027,23716.77539,39202.23047,52534.10156,62586.52344,70611.53906,68875.42188,,,,,,
160,2342.798828,9195.017578,21481.63672,39422.45313,50679.95313,62170.89844,70886.40625,67909.85938,,,,,,
161,2938.483887,11706.34082,23938.58789,38668.24609,57968.18359,62488.74219,71623.53125,72505.60938,,,,,,
162,2249.770264,9629.973633,21399.85938,37133.85938,59399.14453,61378.05859,68874.01563,75778.69531,,,,,,
163,2121.815186,5459.202148,21837.82813,34440.02344,51218.09375,62583.07031,64324.36328,66819.6875,,,,,,
164,973.1936035,7464.093262,25008.60547,37361.14063,47836.91406,62262.88672,70015.96875,69447.15625,,,,,,
165,1405.896362,7781.226074,21338.1875,35882.14844,52028.5625,62007.48047,70997.59375,84410.17188,,,,,,
166,1354.533936,8176.237793,20538.12305,38479.44141,45891.17578,60637.74219,67098.61719,69713.11719,,,,,,
167,1532.112793,8910.649414,18031.3457,36015.69922,48774.44531,58965.61328,72212.35938,69677.33594,,,,,,
168,1097.724609,8610.226563,17647.19922,38518.03906,50240.45703,57301.72266,69085.17188,72013.66406,,,,,,
169,1101.154663,10874.5625,21522.12305,36486.92188,48603.69922,60361.22656,70069.875,66534.125,,,,,,
170,994.019165,9928.515625,21103.16406,36945.96094,51413.57813,63083.92188,69866.78125,71550.67188,,,,,,
171,1222.476685,8005.038574,19934.58984,40452,49852.79297,63089.19531,73484.42188,68321.71094,,,,,,
172,719.9478149,7180.924316,22402.14648,35511.04688,50251.82422,58875.11719,71497,67472.1875,,,,,,
173,1350.837158,6655.414551,17820.67383,33043.78906,49891.42188,59392.80078,73096.95313,70572.38281,,,,,,
174,1161.955933,5740.141602,20658.32031,35156.70313,44957.03906,60805.98828,67157.01563,69622.82813,,,,,,
175,1634.088013,6213.273926,19904.38672,29349.89453,47072.91016,64148.52344,72815.85156,77717.64844,,,,,,
176,1135.75647,6833.689453,16817.81836,31574.38086,47742.55469,59360.53906,65660.26563,70010.28906,,,,,,
177,1759.240112,8877.505859,19788.17188,32343.04492,49066.82031,58237.91016,72802.23438,75695.36719,,,,,,
178,875.9959106,9093.726563,17954.29883,34486.28516,44194.53125,59752.82422,69406.00781,69993.71094,,,,,,
179,1787.662354,8434.462891,17594.4043,33232.24609,52610.32422,59202.96094,66625.19531,66857.21094,,,,,,
180,1054.03064,7881.44043,19785.49023,31898.58008,45034.60547,54636.59766,66295.94531,72060.38281,,,,,,
181,440.3163147,7613.697266,17711.15625,30649.16602,43354.92969,58695.52344,72874.64063,76218.21094,,,,,,
182,1573.684204,9030.816406,16274.22949,30932.70703,44937.77344,57807.74219,68081.8125,67581.42969,,,,,,
183,643.3444214,6906.678711,19508.14453,27514.3125,49284.71094,58540.08984,72144.21875,74146.14063,,,,,,
184,766.8933105,5410.386719,17911.71289,26781.22852,47753.06641,58108.44141,67884.08594,75709.23438,,,,,,
185,1062.033691,5521.680664,15815.25098,31138.89063,45602.55078,56786.77344,70248.60938,69938.6875,,,,,,
186,4.117424011,4345.981934,15524.66211,36970.95703,39374.90625,51967.96875,65805.4375,70100.55469,,,,,,
187,1098.587769,7359.395996,18733.75586,31376.16992,38239.90625,57384.01953,72167.53906,72763.42969,,,,,,
188,1082.425903,4485.552246,15742.88672,30166.42383,43861.51563,58915.24609,65908.89063,73949.3125,,,,,,
189,1076.844971,6515.724121,15407.5127,30484.11914,45105.71484,55296.75391,72047.15625,71000.41406,,,,,,
190,203.0374603,6379.518555,14911.61621,26133.4707,43567.80859,57012.80859,72849.07031,69878.42188,,,,,,
191,162.2400208,5760.553223,14588.625,26682.78516,41552.21094,53890.25781,66834.19531,71829.26563,,,,,,
192,734.9144287,5395.64502,16156.53809,29354.26758,44491.01563,59903.01563,68096.875,72459.01563,,,,,,
193,134.6272583,7284.978027,13056.46289,31639.01172,43583.34766,53548.22266,73968.10938,73755.48438,,,,,,
194,848.0623779,6087.030762,14250.6875,29763.35352,43871.78516,55778.43359,64902.84375,70326.67969,,,,,,
195,731.1259155,3525.209473,13261.69727,24271.70117,41130.70703,54985.12891,68532.13281,78278.47656,,,,,,
196,740.5458374,5995.135254,14739.74707,25215.69727,41746.50781,54053.46484,69294.78906,71940.66406,,,,,,
197,1401.990112,5676.920898,10759.3418,31737.69336,41730.00391,59317.51172,66876.625,72536,,,,,,
198,377.1410828,6591.474609,11229.1543,28624.35938,42985.74219,51224.71094,70580.42188,69580.00781,,,,,,
199,1297.09729,5467.745117,17026.45117,24322.99219,44784.77344,52999.96875,67323.64063,72323.14063,,,,,,
200,720.1794434,5021.068359,16986.82617,28250.14453,44396.71094,59797.57422,69290.64063,70119.14063,,,,,,
201,177.9901733,5534.855957,16077.78027,30085.49219,40344.52344,54200.36328,70527.23438,77815.03125,,,,,,
202,532.5303955,3815.403564,17300.70703,27315.73828,37211.01953,55086.44531,67297.70313,72710.52344,,,,,,
203,215.691925,3740.044189,12424.22559,21415.02344,36882.30469,53875.29297,64852.33594,71205.54688,,,,,,
204,311.6249695,8713.286133,13334.58008,24199.57422,40775.6875,54731.82422,63780.39063,70365.61719,,,,,,
205,1018.310242,4312.805664,9293.920898,22988.84375,32236.54688,55336.9375,70997.65625,74927.30469,,,,,,
206,200.458313,5233.022461,13002.97266,23609.69922,34734.64063,53726,63903.72266,74260.5,,,,,,
207,147.6703491,5510.317871,13087.96875,26527.0957,34570.25391,52328.42188,64781.29297,76860.61719,,,,,,
208,281.9057007,3604.862549,15815.51953,23130.45508,37453.18359,51967.25391,63362.04297,77626.72656,,,,,,
209,364.225769,5406.314453,12218.54883,23936.0918,40486.67969,52011.47656,69320.15625,78404.63281,,,,,,
210,512.4193726,2406.05835,9755.500977,21784.75391,37134.83984,49209.67188,66427.05469,74701.96875,,,,,,
211,42.56322098,5013.422852,8689.128906,24523.69531,32502.74023,49554.41406,69048.32031,79505.84375,,,,,,
212,155.9589081,2985.264648,10171.19824,23957.29102,32132.81641,54592.73438,71033.72656,77464.22656,,,,,,
213,695.2635498,4459.675293,12376.07227,23944.69141,41074.44531,50874.23438,64958.94922,75374.5,,,,,,
214,1.315813422,3457.834229,9370.819336,24101.98242,35180.57031,49765.36719,64138.46875,72698.32031,,,,,,
215,685.0292969,3195.149902,10919.88379,24353.32617,33347.31641,48617.04688,61929.19531,71094.58594,,,,,,
216,274.0581055,4565.32666,10087.87109,23682.87305,33650.17969,46020.23438,58399.21094,67216.82031,,,,,,
217,349.9941101,2191.515625,9241.43457,22744.76563,31772.05664,47355.58984,65894.82031,73260.47656,,,,,,
218,391.8645935,4986.079102,10929.43262,20971.74023,38232.97656,46998.51563,58874.29297,68874.46094,,,,,,
219,0.968061447,5132.054688,9770.983398,19838.32422,35385.86719,49365.07422,62263.69531,71770.50781,,,,,,
220,418.1141052,2377.095459,9443.946289,18322.51563,35589.90234,50076.32813,64764.12891,76298.58594,,,,,,
221,1446.821289,3400.552979,12813.14551,21845.9082,32709.58984,49697.18359,61145.24219,77585.92969,,,,,,
222,615.8056641,3136.906494,8438.011719,19689.41602,30258.42578,48686.58984,65086.9375,77514.82813,,,,,,
223,692.664917,2059.789551,13042.625,19698.86914,34815.00391,48843.08203,60798.93359,75065.11719,,,,,,
224,133.3673706,3457.170166,9052.720703,17548.32227,34739.49219,47701.10156,62994.26953,70820.44531,,,,,,
225,213.1951294,3707.864502,11051.05371,17002.74219,30213.95117,51048.72266,68134.78906,79732.89063,,,,,,
226,127.1246033,3798.68335,9032.181641,20042.9375,35023.89844,46959.86719,62985.81641,73079.21094,,,,,,
227,127.7646561,1101.912476,10695.33789,13407.45605,32410.38477,45502.23047,66056.1875,80943.47656,,,,,,
228,0.585226357,3173.006592,8700.084961,22126.38281,31696.98828,46202.28516,59549.57422,73840.50781,,,,,,
229,0.522825956,2840.286133,8671.959961,19486.3125,33816.82422,47124.63281,65506.37109,79374.91406,,,,,,
230,151.7732544,1895.491333,6520.541016,19055.19336,30841.5332,43291.46875,63804.6875,71175.03125,,,,,,
231,989.2372437,2119.198975,8252.830078,14424.7041,27274.17969,41114.66797,62195.54688,80988.95313,,,,,,
232,143.8759155,1009.54303,9083.469727,12791.20605,27937.70898,44978.16406,61811.17969,81916.21094,,,,,,
233,309.1946106,2886.266113,6815.5,14874.75977,30561.12695,43904.33984,58627.02734,73015.53125,,,,,,
234,350.74823,2751.739502,6913.15332,22492.11914,34690.84766,43478.82031,59238.91016,81180.1875,,,,,,
235,276.3421936,1176.726807,10089.42383,19657.63086,29972.30664,45279.07031,61761.85938,77669.30469,,,,,,
236,186.8513794,2591.468994,8183.373535,16668.125,28124.2793,41982.91797,60148.50781,73172.125,,,,,,
237,538.9498901,2880.892334,8089.770508,14165.65723,24870.66602,39709.00391,55392.36719,84081.97656,,,,,,
238,0.344827116,2910.066406,6998.087891,17797.01953,28667.70898,42588.4375,59158.44531,78979.57031,,,,,,
239,638.6976318,3373.020996,9375.828125,14845.5332,24983.19531,44104.19531,54376.17578,68976.69531,,,,,,
240,210.5124359,2639.351318,4953.519531,19934.50586,28116.0957,39028.19141,61121.22266,78148.17188,,,,,,
241,0.264107823,2672.381104,6475.873047,19534.37695,25826.57227,35436.53516,61041.94531,76703.22656,,,,,,
242,0.20662649,2845.235107,5610.488281,18976.12891,27069.07227,44990.42578,60979.70703,82482.07813,,,,,,
243,609.4633789,933.6287231,5850.597656,14717.04199,26276.62305,37741.01953,55480.67188,70073.96875,,,,,,
244,233.6212769,1027.01355,7987.20166,16215.18652,27332.61914,40775.11719,53891.62109,75843.34375,,,,,,
245,223.2787018,2615.279541,5088.478027,16394.03711,20355.1582,36140.5625,54478.94922,74181.11719,,,,,,
246,0.20709075,3109.062744,4614.410645,11072.29199,24371.94727,39351.41016,55322.31641,78268.80469,,,,,,
247,667.4146729,779.4841309,6369.233887,10719.63574,26069.67578,39227.53516,56577.29688,78317.64063,,,,,,
248,0.197634682,1117.800049,8949.933594,15576,24385.43945,43712.42969,56651.48047,77505.35938,,,,,,
249,0.144772276,2512.898193,7649.952637,15529.44336,19744.71484,35842.26563,55635.86719,74421.15625,,,,,,
250,0.173731267,1425.753052,6774.93457,14449.04395,21542.28125,32192.48633,51021.47266,70801.76563,,,,,,
251,0.116768181,3054.82666,6464.325684,13873.14063,24319.18945,32781.88281,58415.46875,86160.83594,,,,,,
252,193.3167419,1390.035645,6529.939453,12197.45898,19582.05469,34825.27344,53562.58594,73036.625,,,,,,
253,380.0117188,806.7888184,6987.15332,13868.90234,27073.87305,37238.79297,56153.69141,75324.04688,,,,,,
254,285.5882568,1158.866333,6442.519043,15557.98438,25616.5332,33998.01563,60056.17188,78915.64844,,,,,,
255,0.164436221,1088.601196,7058.443359,10155.21875,23264.96484,34095.17578,53557.40625,70776.76563,,,,,,
256,148.7362823,1064.450317,4609.158203,10685.72363,19613.85742,37573.81641,55752.98438,80220.32031,,,,,,
257,0.14376007,3294.570557,3747.493408,12743.9248,23889.33594,40607.50391,53836.67969,71771.52344,,,,,,
258,0.104820587,1224.261108,6827.603516,11652.64844,18928.06055,37861.60547,52846.03125,78162.96875,,,,,,
259,0.048443452,585.1505737,3792.329834,8682.072266,24849.54102,36533.80859,53774.80469,82766.57813,,,,,,
260,107.9688492,1421.038086,3507.187744,11832.68164,17253.36133,34204.75,47831.16797,76969.15625,,,,,,
261,0.10755188,1380.414551,5548.802734,11962.93262,22445.9707,30559.55664,45000.83984,74241.73438,,,,,,
262,87.05856323,1182.789917,3603.429443,12962.36035,20539.89258,30761.11523,50667.90625,78966.26563,,,,,,
263,0.077783972,1902.244629,3817.158203,9917.883789,17541.23438,32773.98438,51312.46484,73964.39063,,,,,,
264,325.5693359,2466.503174,4149.183105,8130.93457,20106.97461,29969.4082,50164.60938,76629.48438,,,,,,
265,0.063503973,2132.148926,3479.330322,9239.203125,18134.91211,30932.25,50522.76563,78870.25,,,,,,
266,295.6384277,1963.065674,4280.351074,9373.879883,17867.83984,29091.15234,46672.71875,76378.15625,,,,,,
267,1111.520142,666.1315308,2749.862305,6244.844238,14368.55176,31104.94922,47064.35938,85332.45313,,,,,,
268,0.066945896,1934.060425,2779.81543,11086.33594,20006.92383,32806.43359,45329.14844,79068.57031,,,,,,
269,0.089660212,819.7636719,4091.463623,9568.707031,19561.22852,29115.65625,47194.23047,76710.85156,,,,,,
270,0.043921474,1561.13916,5051.519043,8747.59375,15097.18164,31567.90039,47932.86719,79553.60156,,,,,,
271,0.047430709,3.59309411,3703.132324,13230.95703,14315.5957,27682.36719,50087.61719,73745.40625,,,,,,
272,0.071000047,674.2442627,2536.397705,12865.55859,15172.91992,28230.05273,48617.95313,74557.04688,,,,,,
273,0.055186227,1049.052979,6873.38916,10436.38867,16794.07813,25344.78125,47513.96875,75378.67969,,,,,,
274,0.049151439,1937.783325,3639.684326,9123.977539,19884.65039,28377.86133,42456.67969,73804.78125,,,,,,
275,136.2174072,1198.102905,6509.414551,8882.387695,14883.68652,31340.88281,49574.04297,75089.88281,,,,,,
276,286.226593,1294.174927,2634.256592,9425.136719,15474.375,24936.12891,41816.94141,69067.48438,,,,,,
277,448.3268738,1202.893433,2100.025635,10370.94727,16677.19336,23429.32031,42605.50391,82044.6875,,,,,,
278,0.020209316,1082.955688,3138.36499,9105.200195,13661.48242,25427.72656,42270.88672,81065.14063,,,,,,
279,112.5449371,1309.14917,2905.135498,6853.849609,13232.64746,27032.26563,41356.43359,78251.39063,,,,,,
280,0.0293562,804.2723389,3463.956299,5915.049805,12581.84375,25029.35156,44556.23438,70726.98438,,,,,,
281,0.032205213,1736.333984,3597.268311,7878.894531,15579.72754,26409.91992,38255.14063,71547.33594,,,,,,
282,81.7567749,603.8974609,4653.0625,11109.40918,14713.71875,26025.30273,44855.08203,70855.39844,,,,,,
283,0.021066144,302.1607056,3004.171143,9853.1875,11617.4668,23049.20898,39806.75781,77066.61719,,,,,,
284,0.021890031,484.5143433,3890.282715,6886.242188,14215.87793,26668.9707,37071.26172,76495.97656,,,,,,
285,0.016493548,1303.195679,1190.106079,7698.080566,9791.042969,22594.20508,36626.61719,79634.15625,,,,,,
286,0.020435605,239.673996,3334.067139,6854.665039,12408.10449,22837.36133,37905.33984,72242.22656,,,,,,
287,119.9537506,1041.692505,4080.90625,7541.829102,9873.555664,23926.13281,33983.20313,67868.66406,,,,,,
288,0.020749962,1.654843569,3327.131836,6962.810547,15580.7373,21301.57227,38822.09375,68622.88281,,,,,,
289,514.2919922,943.7816162,3301.945068,6878.978516,13423.36426,16095.50781,32944.71484,77991.54688,,,,,,
290,0.009455219,820.4260254,4324.287109,8976.378906,8998.658203,24817.00586,34358,70551.28906,,,,,,
291,0.017285209,301.1466675,3405.061279,6894.400879,13134.22949,23433.30664,37402.38672,68295.14844,,,,,,
292,0.00748128,527.0599976,2372.446289,4669.586914,8264.258789,19962.17188,34852.94141,70407.13281,,,,,,
293,66.14916992,1299.866699,2822.992676,4597.260742,13479.73535,19219.17188,31952.3457,71267.04688,,,,,,
294,0.008618055,2685.475586,2551.371338,5122.275879,9731.719727,25822.10938,31437.04492,71320.58594,,,,,,
295,0.008768734,226.1280365,3725.933594,5548.628418,12497.95605,16107.59766,36846.48438,71075.22656,,,,,,
296,0.010631209,475.3734741,1897.586548,4488.208984,10692.76465,21218.74219,38928.16797,69105.67969,,,,,,
297,254.0765076,667.8276978,1269.67334,5729.369629,8816.892578,19408.89648,28809.98242,72184.14844,,,,,,
298,419.9211121,1988.539795,1707.762573,8559.132813,10199.58594,16576.9668,33970.11328,70904.83594,,,,,,
299,0.005027951,104.7983398,2487.115479,6066.680664,10037.55762,19154.07031,32614.07617,77438.57031,,,,,,
300,94.33345032,66.85984039,2484.140869,4553.265137,13591.88086,22836.06641,32419.1582,73248.17969,,,,,,
301,0.004044475,778.5317993,839.9146118,4790.666992,6565.845703,16901.37305,26671.29297,66949.3125,,,,,,
302,0.007690314,414.1808167,2680.404785,8648.013672,9438.466797,17878.05469,31853.78125,70894.4375,,,,,,
303,0.00584281,1140.402954,2796.174805,4019.358398,9262.421875,15930.07129,22242.50586,70481.02344,,,,,,
304,0.005258999,321.1728821,608.003479,4155.136719,11463.73242,15190.93359,27247.31641,74853.34375,,,,,,
305,0.004067026,156.1569061,2332.847656,4887.240234,6204.583984,23640.25391,29674.04297,67899.75,,,,,,
306,0.00333851,112.5164871,1187.910278,3498.490234,8305.860352,14725.66797,29810.91992,70600.67969,,,,,,
307,0.004636592,858.8066406,1602.42041,2665.441895,9072.962891,17819.07617,29566.87109,68926.30469,,,,,,
308,0.006659527,324.513031,3153.73584,5073.626465,9410.579102,12910.52637,31991.66016,64660.85156,,,,,,
309,0.006379151,1066.506958,1720.662231,4935.385742,5455.583496,15589.72168,27121.69336,60087.46875,,,,,,
310,0.003200625,1182.615479,1558.785889,4166.749023,10224.46777,14930.35449,32207.50391,69475.38281,,,,,,
311,0.002691808,281.1755371,1001.741516,3655.159424,5910.675781,12642.31543,20895.06055,69754.99219,,,,,,
312,0.003004348,1714.163452,735.3865967,2915.363037,10147.91406,18463.9668,29448.11914,64442.79688,,,,,,
313,0.004187671,107.9726639,2404.980469,4298.25293,6597.121582,11444.01074,31275.70313,62417.73438,,,,,,
314,0.003428891,394.784729,1391.240601,2441.789307,7533.419922,11630.28223,27921.4668,66252.3125,,,,,,
315,365.7470398,344.345459,1559.271362,6091.296875,7957.513672,17252.38672,35547.04297,73604.21094,,,,,,
316,0.003450619,0.395150751,1188.895752,5375.312988,12403.80957,11688.53711,21039.70508,68531.99219,,,,,,
317,0.00333196,179.3161163,1339.728027,3238.787354,5652.535645,13697.07031,21435.30078,61608.38281,,,,,,
318,243.8886414,423.5037842,1026.063599,3217.27417,5058.828613,11474.84668,24070.01758,71077.99219,,,,,,
319,0.002365112,1131.172607,949.4085083,3966.010498,5614.85498,14083.67676,26357.94531,65097.19922,,,,,,
320,0.002786827,721.7478027,1556.163086,3036.791016,7157.671875,10711.65234,23140.51758,60208.63672,,,,,,
321,0.002388339,126.7625961,229.4947815,1802.387939,8974.765625,10971.06738,25956.85742,58569.57031,,,,,,
322,0.00209567,134.8615265,1664.099731,2783.986328,5232.310059,10914.01074,23267.60352,54889.10156,,,,,,
323,0.00114834,0.170545086,2484.319824,3651.811279,6489.394043,10769.40234,21758.48047,68935.82813,,,,,,
324,0.001660491,0.247228712,1546.489258,2822.796875,6620.291016,13776.43066,20398.61328,61235.69531,,,,,,
325,0.001471119,190.4806976,950.9308472,3507.794922,6391.285645,10622.94629,23402.90039,48731.17578,,,,,,
326,0.001614529,749.477478,548.4893188,2518.799316,7715.292969,12395.58301,17491.78125,57845.17578,,,,,,
327,0.001925966,585.6748047,835.1513062,4297.40332,6724.733887,8903.422852,20159.99414,53166.39453,,,,,,
328,0.001448147,0.162199885,663.8575439,2811.782715,4804.061035,7681.604004,21257.85352,49344.54297,,,,,,
329,0.00223621,218.0017242,1133.827026,3122.702881,6717.59668,11399.99609,18755.92969,47180.72266,,,,,,
330,0.000443142,0.070520274,189.9149628,1110.419434,6081.883301,9440.15625,13750.71582,52420.83984,,,,,,
331,0.001199043,642.5498047,626.1033325,2868.071777,6936.621582,7182.364258,25497.95117,50140.01563,,,,,,
332,0.001886057,373.4640808,1356.054321,1361.812012,4145.977051,10842.16016,19594.71875,53678.31641,,,,,,
333,0.001597124,356.6723633,713.8615112,2584.445313,9583.663086,7461.066895,17761.96094,56914.62891,,,,,,
334,0.001804013,235.2725525,1089.519653,2299.179932,5842.117676,13039.55957,17875.68359,53344.21484,,,,,,
335,0.000849663,0.114307024,1704.035522,1996.721558,4352.209961,9311.458008,16697.45117,60066.73828,,,,,,
336,0.0011329,0.143168882,3624.934814,2642.82373,6488.774414,7527.851563,22199.42773,47412.79688,,,,,,
337,0.001210177,0.161203369,758.8924561,3129.067627,6825.83252,10667.01758,18280.38672,55393.33594,,,,,,
338,0.000573454,1245.880249,350.8245544,3257.796143,5955.992188,9183.234375,17230.72461,44809.04297,,,,,,
339,0.000528529,152.0813141,490.4967346,1818.184814,3758.033203,8548.188477,14679.99609,48552.98828,,,,,,
340,0.000996268,269.9616394,1104.640381,2184.322021,5122.290527,6471.391113,12896.42969,56568.55859,,,,,,
341,0.000512939,0.079498619,237.6662598,4436.608398,6018.157227,6461.561035,17403.62305,50030.05859,,,,,,
342,0.00061313,0.077184208,463.6228638,1306.37915,2236.706787,7902.729492,13350.23535,44467.61328,,,,,,
343,0.000409242,0.062997572,969.5977783,2908.215332,4522.092773,7475.782715,15220.7666,48830.76172,,,,,,
344,0.000543872,2124.106934,1471.152588,1170.57605,2222.265381,6680.991699,12037.3252,47507.98047,,,,,,
345,0.000237013,670.4191284,406.3951111,1279.864258,2630.77417,8085.560547,9527.607422,44743.09766,,,,,,
346,0.000893958,113.1037369,693.4846802,2478.366699,5620.027832,7307.399902,19531.07617,43724.19922,,,,,,
347,0.000347734,0.053278394,2963.463379,2847.67041,1945.082642,5798.489258,17222.30469,43912.76563,,,,,,
348,0.000399151,437.1948242,95.90631866,1796.800415,3792.961426,12445.33301,11186.09961,41733.47266,,,,,,
349,0.000708897,223.8393707,1455.038086,1991.987061,4415.538574,12731.03125,14560.12109,40006.83984,,,,,,
350,0.000233915,0.040794652,1309.50708,1827.108643,2501.572021,5809.851563,9019.94043,43723.83203,,,,,,
351,777.1027832,0.101542816,1245.295776,1619.926636,2823.732178,5230.630371,17903.25391,45139.51172,,,,,,
352,0.00057756,0.085576855,730.2824707,516.730896,5106.063477,10976.40723,17224.88086,48745.87891,,,,,,
353,0.000429896,1103.610229,632.9172974,1864.234741,2814.621338,7154.80957,17567.9668,57206.63281,,,,,,